Workbook

Sheet Matriz de Riscos
A1: Matriz de Riscos de Segurança da Informação — Clínica/Hospital (empresa fictícia)
A2: Dados fictícios. Escalas e critérios na aba Metodologia. Texto azul = entrada editável; preto = fórmula. Residual = estimativa após os controles.
A4: ID | B4: Descrição do Risco | C4: Categoria | D4: Probabilidade (1-5) | E4: Impacto (1-5) | F4: Nível de Risco | G4: Grau de Risco | H4: Tratamento | I4: Controle Sugerido (Mitigação) | J4: Ref. ISO 27001:2022 (Anexo A) | K4: Responsável | L4: Status do Controle | M4: Prob. Residual (1-5) | N4: Impacto Residual (1-5) | O4: Nível Residual | P4: Grau Residual
A5: R-01 | B5: Acesso indevido a prontuário eletrônico de paciente (Vazamento de dados LGPD) | C5: Privacidade / Confidencialidade | D5: 3 | E5: 5 | F5: =D5*E5 -> 15 | G5: =IF(F5>=Metodologia!$B$25,"Crítico",IF(F5>=Metodologia!$B$24,"Alto",IF(F5>=Metodologia!$B$23,"Médio","Baixo"))) -> Alto | H5: Mitigar | I5: Implementar RBAC (Controle de Acesso Baseado em Papéis), MFA e auditoria contínua em logs de acesso. | J5: A.5.15, A.5.18, A.8.5, A.8.15, A.5.34 | K5: DPO / Equipe de IAM | L5: Planejado | M5: 2 | N5: 4 | O5: =M5*N5 -> 8 | P5: =IF(O5>=Metodologia!$B$25,"Crítico",IF(O5>=Metodologia!$B$24,"Alto",IF(O5>=Metodologia!$B$23,"Médio","Baixo"))) -> Médio
A6: R-02 | B6: Falha ou corrupção no backup de banco de dados crítico | C6: Continuidade de Negócios | D6: 2 | E6: 5 | F6: =D6*E6 -> 10 | G6: =IF(F6>=Metodologia!$B$25,"Crítico",IF(F6>=Metodologia!$B$24,"Alto",IF(F6>=Metodologia!$B$23,"Médio","Baixo"))) -> Médio | H6: Mitigar | I6: Implementar política de backup automático com regra 3-2-1 e testes periódicos de restauração (Restore). | J6: A.8.13, A.5.30 | K6: SysAdmin / Infraestrutura | L6: Implementado | M6: 1 | N6: 4 | O6: =M6*N6 -> 4 | P6: =IF(O6>=Metodologia!$B$25,"Crítico",IF(O6>=Metodologia!$B$24,"Alto",IF(O6>=Metodologia!$B$23,"Médio","Baixo"))) -> Baixo
A7: R-03 | B7: Infecção por Ransomware através de ataque de Phishing contra colaboradores | C7: Segurança Operacional | D7: 4 | E7: 5 | F7: =D7*E7 -> 20 | G7: =IF(F7>=Metodologia!$B$25,"Crítico",IF(F7>=Metodologia!$B$24,"Alto",IF(F7>=Metodologia!$B$23,"Médio","Baixo"))) -> Crítico | H7: Mitigar | I7: Implementar EDR nas estações, filtro de e-mail avançado (Anti-phishing) e programa de conscientização de usuários. | J7: A.8.7, A.6.3, A.8.16 | K7: Analista de SOC / CISO | L7: Planejado | M7: 2 | N7: 4 | O7: =M7*N7 -> 8 | P7: =IF(O7>=Metodologia!$B$25,"Crítico",IF(O7>=Metodologia!$B$24,"Alto",IF(O7>=Metodologia!$B$23,"Médio","Baixo"))) -> Médio
A8: R-04 | B8: Uso de credenciais fracas ou reutilizadas por usuários administrativos | C8: Identidade e Acesso | D8: 4 | E8: 4 | F8: =D8*E8 -> 16 | G8: =IF(F8>=Metodologia!$B$25,"Crítico",IF(F8>=Metodologia!$B$24,"Alto",IF(F8>=Metodologia!$B$23,"Médio","Baixo"))) -> Alto | H8: Mitigar | I8: Implementar Gerenciador de Senhas corporativo, política de complexidade e obrigação de MFA em todas as contas. | J8: A.5.17, A.8.5, A.8.2 | K8: Segurança da Informação | L8: Em andamento | M8: 2 | N8: 3 | O8: =M8*N8 -> 6 | P8: =IF(O8>=Metodologia!$B$25,"Crítico",IF(O8>=Metodologia!$B$24,"Alto",IF(O8>=Metodologia!$B$23,"Médio","Baixo"))) -> Médio
A9: R-05 | B9: Servidor web exposto com vulnerabilidades conhecidas e sem patch aplicado | C9: Gestão de Vulnerabilidades | D9: 3 | E9: 4 | F9: =D9*E9 -> 12 | G9: =IF(F9>=Metodologia!$B$25,"Crítico",IF(F9>=Metodologia!$B$24,"Alto",IF(F9>=Metodologia!$B$23,"Médio","Baixo"))) -> Alto | H9: Mitigar | I9: Estabelecer rotina quinzenal de Gestão de Vulnerabilidades (Patch Management) e varreduras com scanners de segurança. | J9: A.8.8 | K9: Engenharia de DevSecOps | L9: Planejado | M9: 2 | N9: 3 | O9: =M9*N9 -> 6 | P9: =IF(O9>=Metodologia!$B$25,"Crítico",IF(O9>=Metodologia!$B$24,"Alto",IF(O9>=Metodologia!$B$23,"Médio","Baixo"))) -> Médio
A10: R-06 | B10: Vazamento de código-fonte contendo chaves de API/segredos em repositório público | C10: Desenvolvimento Seguro | D10: 3 | E10: 4 | F10: =D10*E10 -> 12 | G10: =IF(F10>=Metodologia!$B$25,"Crítico",IF(F10>=Metodologia!$B$24,"Alto",IF(F10>=Metodologia!$B$23,"Médio","Baixo"))) -> Alto | H10: Mitigar | I10: Integrar ferramentas SAST/Secret Scanning na pipeline CI/CD e utilizar cofre de segredos (Secret Manager). | J10: A.8.4, A.8.28, A.5.17 | K10: Liderança de Desenvolvimento / DevSecOps | L10: Planejado | M10: 1 | N10: 3 | O10: =M10*N10 -> 3 | P10: =IF(O10>=Metodologia!$B$25,"Crítico",IF(O10>=Metodologia!$B$24,"Alto",IF(O10>=Metodologia!$B$23,"Médio","Baixo"))) -> Baixo
A11: R-07 | B11: Interrupção do serviço devido a ataque de Negação de Serviço (DDoS) | C11: Disponibilidade | D11: 2 | E11: 4 | F11: =D11*E11 -> 8 | G11: =IF(F11>=Metodologia!$B$25,"Crítico",IF(F11>=Metodologia!$B$24,"Alto",IF(F11>=Metodologia!$B$23,"Médio","Baixo"))) -> Médio | H11: Transferir | I11: Contratar proteção contra DDoS na camada de rede/CDN (Cloudflare, AWS Shield) e regras de Rate Limiting. | J11: A.8.20, A.8.14 | K11: Infraestrutura / Redes | L11: Planejado | M11: 2 | N11: 2 | O11: =M11*N11 -> 4 | P11: =IF(O11>=Metodologia!$B$25,"Crítico",IF(O11>=Metodologia!$B$24,"Alto",IF(O11>=Metodologia!$B$23,"Médio","Baixo"))) -> Baixo
A12: R-08 | B12: Descarte inadequado de equipamentos ou mídias físicas contendo dados confidenciais | C12: Segurança Física | D12: 2 | E12: 3 | F12: =D12*E12 -> 6 | G12: =IF(F12>=Metodologia!$B$25,"Crítico",IF(F12>=Metodologia!$B$24,"Alto",IF(F12>=Metodologia!$B$23,"Médio","Baixo"))) -> Médio | H12: Mitigar | I12: Criar procedimento formal de sanitização e destruição segura de mídias (NIST SP 800-88) com emissão de laudo. | J12: A.7.14, A.7.10, A.8.10 | K12: Segurança Física e IT Asset Management | L12: Planejado | M12: 1 | N12: 2 | O12: =M12*N12 -> 2 | P12: =IF(O12>=Metodologia!$B$25,"Crítico",IF(O12>=Metodologia!$B$24,"Alto",IF(O12>=Metodologia!$B$23,"Médio","Baixo"))) -> Baixo
A13: R-09 | B13: Não conformidade técnica/privacidade em fornecedor ou prestador de serviço de TI | C13: Risco de Terceiros | D13: 3 | E13: 4 | F13: =D13*E13 -> 12 | G13: =IF(F13>=Metodologia!$B$25,"Crítico",IF(F13>=Metodologia!$B$24,"Alto",IF(F13>=Metodologia!$B$23,"Médio","Baixo"))) -> Alto | H13: Mitigar | I13: Realizar Due Diligence de Segurança/Privacidade na homologação e incluir cláusulas contratuais de GRC e SLA. | J13: A.5.19, A.5.20, A.5.22 | K13: Analista de GRC / Jurídico | L13: Em andamento | M13: 2 | N13: 3 | O13: =M13*N13 -> 6 | P13: =IF(O13>=Metodologia!$B$25,"Crítico",IF(O13>=Metodologia!$B$24,"Alto",IF(O13>=Metodologia!$B$23,"Médio","Baixo"))) -> Médio
A14: R-10 | B14: Perda de dispositivo móvel corporativo (Notebook/Smartphone) sem criptografia de disco | C14: Segurança de Endpoint | D14: 3 | E14: 3 | F14: =D14*E14 -> 9 | G14: =IF(F14>=Metodologia!$B$25,"Crítico",IF(F14>=Metodologia!$B$24,"Alto",IF(F14>=Metodologia!$B$23,"Médio","Baixo"))) -> Médio | H14: Mitigar | I14: Habilitar criptografia de disco total (BitLocker/FileVault) e MDM com capacidade de bloqueio/wipe remoto. | J14: A.8.1, A.8.24, A.7.9 | K14: Suporte de TI / Endpoint Security | L14: Implementado | M14: 3 | N14: 1 | O14: =M14*N14 -> 3 | P14: =IF(O14>=Metodologia!$B$25,"Crítico",IF(O14>=Metodologia!$B$24,"Alto",IF(O14>=Metodologia!$B$23,"Médio","Baixo"))) -> Baixo

Sheet Mapa de Calor
A1: Mapa de Calor de Riscos (5×5)
A2: Cada célula mostra quantos riscos caem naquela combinação de Probabilidade (linhas) × Impacto (colunas). Cores seguem os limites da aba Metodologia.
A4: Risco Inerente (antes dos controles)
A5: Prob. ↓ / Impacto → | B5: 1 | C5: 2 | D5: 3 | E5: 4 | F5: 5
A6: 5 | B6: =COUNTIFS('Matriz de Riscos'!$D$5:$D$14,$A6,'Matriz de Riscos'!$E$5:$E$14,B$5) -> 0 | C6: =COUNTIFS('Matriz de Riscos'!$D$5:$D$14,$A6,'Matriz de Riscos'!$E$5:$E$14,C$5) -> 0 | D6: =COUNTIFS('Matriz de Riscos'!$D$5:$D$14,$A6,'Matriz de Riscos'!$E$5:$E$14,D$5) -> 0 | E6: =COUNTIFS('Matriz de Riscos'!$D$5:$D$14,$A6,'Matriz de Riscos'!$E$5:$E$14,E$5) -> 0 | F6: =COUNTIFS('Matriz de Riscos'!$D$5:$D$14,$A6,'Matriz de Riscos'!$E$5:$E$14,F$5) -> 0
A7: 4 | B7: =COUNTIFS('Matriz de Riscos'!$D$5:$D$14,$A7,'Matriz de Riscos'!$E$5:$E$14,B$5) -> 0 | C7: =COUNTIFS('Matriz de Riscos'!$D$5:$D$14,$A7,'Matriz de Riscos'!$E$5:$E$14,C$5) -> 0 | D7: =COUNTIFS('Matriz de Riscos'!$D$5:$D$14,$A7,'Matriz de Riscos'!$E$5:$E$14,D$5) -> 0 | E7: =COUNTIFS('Matriz de Riscos'!$D$5:$D$14,$A7,'Matriz de Riscos'!$E$5:$E$14,E$5) -> 1 | F7: =COUNTIFS('Matriz de Riscos'!$D$5:$D$14,$A7,'Matriz de Riscos'!$E$5:$E$14,F$5) -> 1
A8: 3 | B8: =COUNTIFS('Matriz de Riscos'!$D$5:$D$14,$A8,'Matriz de Riscos'!$E$5:$E$14,B$5) -> 0 | C8: =COUNTIFS('Matriz de Riscos'!$D$5:$D$14,$A8,'Matriz de Riscos'!$E$5:$E$14,C$5) -> 0 | D8: =COUNTIFS('Matriz de Riscos'!$D$5:$D$14,$A8,'Matriz de Riscos'!$E$5:$E$14,D$5) -> 1 | E8: =COUNTIFS('Matriz de Riscos'!$D$5:$D$14,$A8,'Matriz de Riscos'!$E$5:$E$14,E$5) -> 3 | F8: =COUNTIFS('Matriz de Riscos'!$D$5:$D$14,$A8,'Matriz de Riscos'!$E$5:$E$14,F$5) -> 1
A9: 2 | B9: =COUNTIFS('Matriz de Riscos'!$D$5:$D$14,$A9,'Matriz de Riscos'!$E$5:$E$14,B$5) -> 0 | C9: =COUNTIFS('Matriz de Riscos'!$D$5:$D$14,$A9,'Matriz de Riscos'!$E$5:$E$14,C$5) -> 0 | D9: =COUNTIFS('Matriz de Riscos'!$D$5:$D$14,$A9,'Matriz de Riscos'!$E$5:$E$14,D$5) -> 1 | E9: =COUNTIFS('Matriz de Riscos'!$D$5:$D$14,$A9,'Matriz de Riscos'!$E$5:$E$14,E$5) -> 1 | F9: =COUNTIFS('Matriz de Riscos'!$D$5:$D$14,$A9,'Matriz de Riscos'!$E$5:$E$14,F$5) -> 1
A10: 1 | B10: =COUNTIFS('Matriz de Riscos'!$D$5:$D$14,$A10,'Matriz de Riscos'!$E$5:$E$14,B$5) -> 0 | C10: =COUNTIFS('Matriz de Riscos'!$D$5:$D$14,$A10,'Matriz de Riscos'!$E$5:$E$14,C$5) -> 0 | D10: =COUNTIFS('Matriz de Riscos'!$D$5:$D$14,$A10,'Matriz de Riscos'!$E$5:$E$14,D$5) -> 0 | E10: =COUNTIFS('Matriz de Riscos'!$D$5:$D$14,$A10,'Matriz de Riscos'!$E$5:$E$14,E$5) -> 0 | F10: =COUNTIFS('Matriz de Riscos'!$D$5:$D$14,$A10,'Matriz de Riscos'!$E$5:$E$14,F$5) -> 0
A13: Risco Residual (após os controles sugeridos)
A14: Prob. ↓ / Impacto → | B14: 1 | C14: 2 | D14: 3 | E14: 4 | F14: 5
A15: 5 | B15: =COUNTIFS('Matriz de Riscos'!$M$5:$M$14,$A15,'Matriz de Riscos'!$N$5:$N$14,B$14) -> 0 | C15: =COUNTIFS('Matriz de Riscos'!$M$5:$M$14,$A15,'Matriz de Riscos'!$N$5:$N$14,C$14) -> 0 | D15: =COUNTIFS('Matriz de Riscos'!$M$5:$M$14,$A15,'Matriz de Riscos'!$N$5:$N$14,D$14) -> 0 | E15: =COUNTIFS('Matriz de Riscos'!$M$5:$M$14,$A15,'Matriz de Riscos'!$N$5:$N$14,E$14) -> 0 | F15: =COUNTIFS('Matriz de Riscos'!$M$5:$M$14,$A15,'Matriz de Riscos'!$N$5:$N$14,F$14) -> 0
A16: 4 | B16: =COUNTIFS('Matriz de Riscos'!$M$5:$M$14,$A16,'Matriz de Riscos'!$N$5:$N$14,B$14) -> 0 | C16: =COUNTIFS('Matriz de Riscos'!$M$5:$M$14,$A16,'Matriz de Riscos'!$N$5:$N$14,C$14) -> 0 | D16: =COUNTIFS('Matriz de Riscos'!$M$5:$M$14,$A16,'Matriz de Riscos'!$N$5:$N$14,D$14) -> 0 | E16: =COUNTIFS('Matriz de Riscos'!$M$5:$M$14,$A16,'Matriz de Riscos'!$N$5:$N$14,E$14) -> 0 | F16: =COUNTIFS('Matriz de Riscos'!$M$5:$M$14,$A16,'Matriz de Riscos'!$N$5:$N$14,F$14) -> 0
A17: 3 | B17: =COUNTIFS('Matriz de Riscos'!$M$5:$M$14,$A17,'Matriz de Riscos'!$N$5:$N$14,B$14) -> 1 | C17: =COUNTIFS('Matriz de Riscos'!$M$5:$M$14,$A17,'Matriz de Riscos'!$N$5:$N$14,C$14) -> 0 | D17: =COUNTIFS('Matriz de Riscos'!$M$5:$M$14,$A17,'Matriz de Riscos'!$N$5:$N$14,D$14) -> 0 | E17: =COUNTIFS('Matriz de Riscos'!$M$5:$M$14,$A17,'Matriz de Riscos'!$N$5:$N$14,E$14) -> 0 | F17: =COUNTIFS('Matriz de Riscos'!$M$5:$M$14,$A17,'Matriz de Riscos'!$N$5:$N$14,F$14) -> 0
A18: 2 | B18: =COUNTIFS('Matriz de Riscos'!$M$5:$M$14,$A18,'Matriz de Riscos'!$N$5:$N$14,B$14) -> 0 | C18: =COUNTIFS('Matriz de Riscos'!$M$5:$M$14,$A18,'Matriz de Riscos'!$N$5:$N$14,C$14) -> 1 | D18: =COUNTIFS('Matriz de Riscos'!$M$5:$M$14,$A18,'Matriz de Riscos'!$N$5:$N$14,D$14) -> 3 | E18: =COUNTIFS('Matriz de Riscos'!$M$5:$M$14,$A18,'Matriz de Riscos'!$N$5:$N$14,E$14) -> 2 | F18: =COUNTIFS('Matriz de Riscos'!$M$5:$M$14,$A18,'Matriz de Riscos'!$N$5:$N$14,F$14) -> 0
A19: 1 | B19: =COUNTIFS('Matriz de Riscos'!$M$5:$M$14,$A19,'Matriz de Riscos'!$N$5:$N$14,B$14) -> 0 | C19: =COUNTIFS('Matriz de Riscos'!$M$5:$M$14,$A19,'Matriz de Riscos'!$N$5:$N$14,C$14) -> 1 | D19: =COUNTIFS('Matriz de Riscos'!$M$5:$M$14,$A19,'Matriz de Riscos'!$N$5:$N$14,D$14) -> 1 | E19: =COUNTIFS('Matriz de Riscos'!$M$5:$M$14,$A19,'Matriz de Riscos'!$N$5:$N$14,E$14) -> 1 | F19: =COUNTIFS('Matriz de Riscos'!$M$5:$M$14,$A19,'Matriz de Riscos'!$N$5:$N$14,F$14) -> 0
A22: Resumo por Grau de Risco
A23: Grau | B23: Inerente | C23: Residual
A24: Crítico | B24: =COUNTIF('Matriz de Riscos'!$G$5:$G$14,$A24) -> 1 | C24: =COUNTIF('Matriz de Riscos'!$P$5:$P$14,$A24) -> 0
A25: Alto | B25: =COUNTIF('Matriz de Riscos'!$G$5:$G$14,$A25) -> 5 | C25: =COUNTIF('Matriz de Riscos'!$P$5:$P$14,$A25) -> 0
A26: Médio | B26: =COUNTIF('Matriz de Riscos'!$G$5:$G$14,$A26) -> 4 | C26: =COUNTIF('Matriz de Riscos'!$P$5:$P$14,$A26) -> 5
A27: Baixo | B27: =COUNTIF('Matriz de Riscos'!$G$5:$G$14,$A27) -> 0 | C27: =COUNTIF('Matriz de Riscos'!$P$5:$P$14,$A27) -> 5
A28: Total | B28: =SUM(B24:B27) -> 10 | C28: =SUM(C24:C27) -> 10
A30: Nível médio de risco | B30: =AVERAGE('Matriz de Riscos'!$F$5:$F$14) -> 12 | C30: =AVERAGE('Matriz de Riscos'!$O$5:$O$14) -> 5
A31: Redução média do nível | C31: =IF(B30=0,0,1-C30/B30) -> 0.58333333

Sheet Metodologia
A1: Metodologia de Avaliação de Riscos
A2: Projeto de portfólio com empresa fictícia (clínica/hospital). Todos os dados são inventados. Inspirado nos conceitos da ISO/IEC 27005 e nos controles do Anexo A da ISO/IEC 27001:2022.
A4: 1. Escala de Probabilidade
A5: Nível | B5: Classificação | C5: Descrição
A6: 1 | B6: Raro | C6: Pode ocorrer apenas em circunstâncias excepcionais (menos de 1 vez a cada 5 anos)
A7: 2 | B7: Improvável | C7: Pouco provável de ocorrer (cerca de 1 vez a cada 2-5 anos)
A8: 3 | B8: Possível | C8: Pode ocorrer em algum momento (cerca de 1 vez por ano)
A9: 4 | B9: Provável | C9: Deve ocorrer várias vezes (algumas vezes por ano)
A10: 5 | B10: Quase certo | C10: Ocorre com frequência ou é esperado (mensal ou mais)
A12: 2. Escala de Impacto
A13: Nível | B13: Classificação | C13: Descrição
A14: 1 | B14: Insignificante | C14: Sem efeito relevante nas operações, nos dados ou na reputação
A15: 2 | B15: Menor | C15: Interrupção breve ou exposição limitada, resolvida internamente
A16: 3 | B16: Moderado | C16: Impacto operacional ou financeiro perceptível; pode exigir comunicação interna
A17: 4 | B17: Grave | C17: Perda significativa de dados/serviço, risco de sanção regulatória (ex.: LGPD) ou dano à reputação
A18: 5 | B18: Catastrófico | C18: Impacto em pacientes, vazamento em massa de dados sensíveis ou paralisação prolongada
A20: 3. Classificação do Nível de Risco (Nível = Probabilidade × Impacto)
A21: Grau | B21: Nível mínimo | C21: Nível máximo | D21: Resposta esperada
A22: Baixo | B22: 1 | C22: =B23-1 -> 5 | D22: Aceitar e monitorar. Nenhuma ação imediata.
A23: Médio | B23: 6 | C23: =B24-1 -> 10 | D23: Tratar dentro do ciclo normal de planejamento (ex.: 6 meses).
A24: Alto | B24: 11 | C24: =B25-1 -> 16 | D24: Plano de ação com responsável e prazo definidos (ex.: 90 dias).
A25: Crítico | B25: 17 | C25: =5*5 -> 25 | D25: Ação imediata e acompanhamento direto da diretoria/CISO.
A26: Os níveis mínimos (células azuis) podem ser alterados; Grau, mapa de calor e resumo recalculam sozinhos.
A28: 4. Opções de Tratamento do Risco
A29: Tratamento | B29: Significado
A30: Mitigar | B30: Reduzir probabilidade e/ou impacto com controles.
A31: Aceitar | B31: Aceitar formalmente o risco, sem controles adicionais (decisão documentada).
A32: Transferir | B32: Compartilhar o risco com terceiros (seguro, contrato, serviço gerenciado).
A33: Evitar | B33: Eliminar a atividade ou condição que gera o risco.
A35: 5. Legenda e premissas
A36: Texto azul = valor editável (entrada). Texto preto = fórmula (não editar).
A37: Risco inerente = antes dos controles. Risco residual = estimativa após a implementação dos controles sugeridos.
A38: Os valores de probabilidade, impacto e residual são estimativas fictícias, criadas para fins de estudo e portfólio.
A39: Referências ao Anexo A seguem a numeração da ISO/IEC 27001:2022 (ex.: A.8.13 = Backup de informações).
